{
  "precision": 0.6946902654867256,
  "recall": 0.548951048951049,
  "f1": 0.61328125,
  "map50": 0.49600619077682495,
  "avg_latency_ms": 70.10710200032918
}